serial_num,model_id,runtime_name,task_type,input_resolution,model_path,metric_name,metric_8bits,metric_32bits,metric_reference,num_subgraphs,infer_time_core_ms,ddr_transfer_mb,run_dir,artifact_name
1,cl-0000,tflitert,classification,224,mobilenet_v1_1.0_224.tflite,accuracy_top1%,68.88,71.66,71.676,1,0,0,cl-0000_tflitert_imagenet1k_mlperf_mobilenet_v1_1.0_224_tflite,TFL-CL-0000-mobileNetV1-mlperf
2,cl-0010,tflitert,classification,224,mobilenet_v2_1.0_224.tflite,accuracy_top1%,68.62,71.51,71.9,1,0,0,cl-0010_tflitert_imagenet1k_tf1-models_mobilenet_v2_1.0_224_tflite,TFL-CL-0010-mobileNetV2
3,cl-0020,tflitert,classification,224,squeezenet.tflite,accuracy_top1%,54.89,55.88,49,1,0,0,cl-0020_tflitert_imagenet1k_tf1-models_squeezenet_tflite,TFL-CL-0020-SqueezeNet
4,cl-0038,tflitert,classification,224,inception_v1_224_quant.tflite,accuracy_top1%,68.54,69.1,69.63,1,0,0,cl-0038_tflitert_imagenet1k_tf1-models_inception_v1_224_quant_tflite,TFL-CL-0038-InceptionNetV1
5,cl-0040,tflitert,classification,299,inception_v3.tflite,accuracy_top1%,77.93,78.2,78,1,0,0,cl-0040_tflitert_imagenet1k_tf1-models_inception_v3_tflite,TFL-CL-0040-InceptionNetV3
6,cl-0050,tflitert,classification,224,resnet50_v1.tflite,accuracy_top1%,74.21,74.49,75.2,1,0,0,cl-0050_tflitert_imagenet1k_tf1-models_resnet50_v1_tflite,TFL-CL-0050-resNet50V1
7,cl-0060,tflitert,classification,224,resnet50_v2.tflite,accuracy_top1%,69.54,70.57,75.6,1,0,0,cl-0060_tflitert_imagenet1k_tf1-models_resnet50_v2_tflite,TFL-CL-0060-resNet50V2
8,cl-0070,tflitert,classification,224,mnasnet_1.0_224.tflite,accuracy_top1%,72.98,74.22,74.08,1,0,0,cl-0070_tflitert_imagenet1k_tf1-models_mnasnet_1.0_224_tflite,TFL-CL-0070-mnasNet
9,cl-0080,tflitert,classification,224,mobilenet_edgetpu_224_1.0_float.tflite,accuracy_top1%,75.44,75.92,75.6,1,0,0,cl-0080_tflitert_imagenet1k_mlperf_mobilenet_edgetpu_224_1.0_float_tflite,TFL-CL-0080-mobileNet-edgeTPU-mlperf
10,cl-0090,tflitert,classification,224,efficientnet-edgetpu-S_float.tflite,accuracy_top1%,76.3,76.61,77.23,1,0,0,cl-0090_tflitert_imagenet1k_tf-tpu_efficientnet-edgetpu-S_float_tflite,TFL-CL-0090-efficientNet-edgeTPU-s
11,cl-0100,tflitert,classification,240,efficientnet-edgetpu-M_float.tflite,accuracy_top1%,77.95,78.31,78.69,1,0,0,cl-0100_tflitert_imagenet1k_tf-tpu_efficientnet-edgetpu-M_float_tflite,TFL-CL-0100-efficientNet-edgeTPU-m
12,cl-0130,tflitert,classification,224,efficientnet-lite0-fp32.tflite,accuracy_top1%,64.96,74.94,75.1,1,0,0,cl-0130_tflitert_imagenet1k_tf-tpu_efficientnet-lite0-fp32_tflite,TFL-CL-0130-efficientNet-lite0
13,cl-0140,tflitert,classification,300,efficientnet-lite4-fp32.tflite,accuracy_top1%,79.93,80.72,81.5,1,0,0,cl-0140_tflitert_imagenet1k_tf-tpu_efficientnet-lite4-fp32_tflite,TFL-CL-0140-efficientNet-lite4
14,cl-0150,tflitert,classification,224,densenet.tflite,accuracy_top1%,63.47,67.39,74.98,1,0,0,cl-0150_tflitert_imagenet1k_tf1-models_densenet_tflite,TFL-CL-0150-denseNet
15,cl-0160,tflitert,classification,224,resnet50_v1.5.tflite,accuracy_top1%,75.52,75.68,76.456,1,0,0,cl-0160_tflitert_imagenet1k_mlperf_resnet50_v1.5_tflite,TFL-CL-0160-resNet50V1p5-mlperf
16,cl-0170,tflitert,classification,240,efficientnet-lite1-fp32.tflite,accuracy_top1%,73.89,76.53,76.7,1,0,0,cl-0170_tflitert_imagenet1k_tf-tpu_efficientnet-lite1-fp32_tflite,TFL-CL-0170-efficientNet-lite1
17,cl-0190,tflitert,classification,300,efficientnet-edgetpu-L_float.tflite,accuracy_top1%,79.57,79.85,80.62,1,0,0,cl-0190_tflitert_imagenet1k_tf-tpu_efficientnet-edgetpu-L_float_tflite,TFL-CL-0190-efficientNet-edgeTPU-l
18,cl-0200,tflitert,classification,224,mobilenet_v2_float_1.4_224.tflite,accuracy_top1%,72.21,75.08,75,1,0,0,cl-0200_tflitert_imagenet1k_tf1-models_mobilenet_v2_float_1.4_224_tflite,TFL-CL-0200-mobileNetV2-1p4
19,cl-0210,tflitert,classification,224,mobilenet_v1_1.0_224.tflite,accuracy_top1%,68.88,71.66,71,1,0,0,cl-0210_tflitert_imagenet1k_tf1-models_mobilenet_v1_1.0_224_tflite,TFL-CL-0210-mobileNetV1
20,cl-0218,tflitert,classification,224,mobilenet_v1_1.0_224_quant.tflite,accuracy_top1%,68.62,70.38,70,1,0,0,cl-0218_tflitert_imagenet1k_tf1-models_mobilenet_v1_1.0_224_quant_tflite,TFL-CL-0218-mobileNetV1-qat
21,cl-0260,tflitert,classification,224,mobilenet_v3-large-minimalistic_224_1.0_float.tflite,accuracy_top1%,57.89,72.46,72.3,1,0,0,cl-0260_tflitert_imagenet1k_tf1-models_mobilenet_v3-large-minimalistic_224_1.0_float_tflite,TFL-CL-0260-mobv3-large-minimalistic
22,cl-0270,tflitert,classification,224,mobilenet_v3-small-minimalistic_224_1.0_float.tflite,accuracy_top1%,28.9,63.07,61.9,1,0,0,cl-0270_tflitert_imagenet1k_tf1-models_mobilenet_v3-small-minimalistic_224_1.0_float_tflite,TFL-CL-0270-mobv3-small-minimalistic
23,cl-3410,tvmdlr,classification,224,mobilenetv2_1.0-symbol.json,accuracy_top1%,71.7,72.48,72.04,1,0,0,cl-3410_tvmdlr_imagenet1k_gluoncv-mxnet_mobilenetv2_1.0-symbol_json,TVM-CL-3410-gluoncv-mxnet-mobv2
24,cl-3420,tvmdlr,classification,224,resnet50_v1d-symbol.json,accuracy_top1%,78.64,79.45,79.15,1,0,0,cl-3420_tvmdlr_imagenet1k_gluoncv-mxnet_resnet50_v1d-symbol_json,TVM-CL-3420-gluoncv-mxnet-resNet50-v1
25,cl-3430,tvmdlr,classification,299,xception-symbol.json,accuracy_top1%,78.35,79.69,79.56,1,0,0,cl-3430_tvmdlr_imagenet1k_gluoncv-mxnet_xception-symbol_json,TVM-CL-3430-gluoncv-mxnet-xception
26,cl-3480,tvmdlr,classification,224,hrnet_w18_small_v2_c-symbol.json,accuracy_top1%,73.99,74.79,75.1,1,0,0,cl-3480_tvmdlr_imagenet1k_gluoncv-mxnet_hrnet_w18_small_v2_c-symbol_json,TVM-CL-3480-hrnet-w18-small-v2-gluon-mxnet
27,cl-6060,onnxrt,classification,224,mobilenet_v1_20190906.onnx,accuracy_top1%,70.59,71.67,71.82,1,0,0,cl-6060_onnxrt_imagenet1k_edgeai-tv_mobilenet_v1_20190906_onnx,ONR-CL-6060-mobileNetV1
28,cl-6061,onnxrt,classification,512,mobilenet_v1_20190906_512x512.onnx,accuracy_top1%,60,72,None,1,0,0,cl-6061_onnxrt_imagenet1k_edgeai-tv_mobilenet_v1_20190906_512x512_onnx,ONR-CL-6061-mobileNetV1-512x512
29,cl-6062,onnxrt,classification,1024,mobilenet_v1_20190906_1024x1024.onnx,accuracy_top1%,None,28,None,1,0,0,cl-6062_onnxrt_imagenet1k_edgeai-tv_mobilenet_v1_20190906_1024x1024_onnx,ONR-CL-6062-mobileNetV1-1024x1024
30,cl-6070,onnxrt,classification,224,mobilenet_v2_20191224.onnx,accuracy_top1%,71.23,71.89,72.13,1,0,0,cl-6070_onnxrt_imagenet1k_edgeai-tv_mobilenet_v2_20191224_onnx,ONR-CL-6070-mobileNetV2
31,cl-6071,onnxrt,classification,512,mobilenet_v2_20191224_512x512.onnx,accuracy_top1%,60,73,None,1,0,0,cl-6071_onnxrt_imagenet1k_edgeai-tv_mobilenet_v2_20191224_512x512_onnx,ONR-CL-6071-mobileNetV2-512x512
32,cl-6072,onnxrt,classification,1024,mobilenet_v2_20191224_1024x1024.onnx,accuracy_top1%,None,19,None,1,0,0,cl-6072_onnxrt_imagenet1k_edgeai-tv_mobilenet_v2_20191224_1024x1024_onnx,ONR-CL-6072-mobileNetV2-1024x1024
33,cl-6078,onnxrt,classification,224,mobilenet_v2_qat-p2_20201213.onnx,accuracy_top1%,71.47,58.04,72.13,1,0,0,cl-6078_onnxrt_imagenet1k_edgeai-tv_mobilenet_v2_qat-p2_20201213_onnx,ONR-CL-6078-mobileNetV2-qat
34,cl-6080,onnxrt,classification,224,shufflenet_v2_x1.0.onnx,accuracy_top1%,68.95,69.84,69.36,1,0,0,cl-6080_onnxrt_imagenet1k_torchvision_shufflenet_v2_x1.0_onnx,ONR-CL-6080-shuffleNetV2
35,cl-6090,onnxrt,classification,224,mobilenet_v2_tv.onnx,accuracy_top1%,67.8,71.5,71.88,1,0,0,cl-6090_onnxrt_imagenet1k_torchvision_mobilenet_v2_tv_onnx,ONR-CL-6090-mobileNetV2-tv
36,cl-6098,onnxrt,classification,224,mobilenet_v2_tv_qat-p2.onnx,accuracy_top1%,71.25,67.87,71.31,1,0,0,cl-6098_onnxrt_imagenet1k_torchvision_mobilenet_v2_tv_qat-p2_onnx,ONR-CL-6098-mobileNetV2-tv-qat
37,cl-6100,onnxrt,classification,224,resnet18.onnx,accuracy_top1%,69.54,69.86,69.76,1,0,0,cl-6100_onnxrt_imagenet1k_torchvision_resnet18_onnx,ONR-CL-6100-resNet18
38,cl-6101,onnxrt,classification,512,resnet18_512x512.onnx,accuracy_top1%,70,75,None,1,0,0,cl-6101_onnxrt_imagenet1k_torchvision_resnet18_512x512_onnx,ONR-CL-6101-resNet18-512x512
39,cl-6102,onnxrt,classification,1024,resnet18_1024x1024.onnx,accuracy_top1%,0,45,None,1,0,0,cl-6102_onnxrt_imagenet1k_torchvision_resnet18_1024x1024_onnx,ONR-CL-6102-resNet18-1024x1024
40,cl-6110,onnxrt,classification,224,resnet50.onnx,accuracy_top1%,75,75.96,76.15,1,0,0,cl-6110_onnxrt_imagenet1k_torchvision_resnet50_onnx,ONR-CL-6110-resNet50
41,cl-6111,onnxrt,classification,512,resnet50_512x512.onnx,accuracy_top1%,None,77,76.15,1,0,0,cl-6111_onnxrt_imagenet1k_torchvision_resnet50_512x512_onnx,ONR-CL-6111-resNet50-512x512
42,cl-6112,onnxrt,classification,1024,resnet50_1024x1024.onnx,accuracy_top1%,None,46,76.15,1,0,0,cl-6112_onnxrt_imagenet1k_torchvision_resnet50_1024x1024_onnx,ONR-CL-6112-resNet50-1024x1024
43,cl-6121,onnxrt,classification,512,regnetx-400mf_512x512.onnx,accuracy_top1%,69,72,None,1,0,0,cl-6121_onnxrt_imagenet1k_fbr-pycls_regnetx-400mf_512x512_onnx,ONR-CL-6121-regNetX-400mf-512x512
44,cl-6122,onnxrt,classification,1024,regnetx-400mf_1024x1024.onnx,accuracy_top1%,None,48,None,1,0,0,cl-6122_onnxrt_imagenet1k_fbr-pycls_regnetx-400mf_1024x1024_onnx,ONR-CL-6122-regNetX-400mf-1024x1024
45,cl-6131,onnxrt,classification,512,regnetx-800mf_512x512.onnx,accuracy_top1%,76,73,None,1,0,0,cl-6131_onnxrt_imagenet1k_fbr-pycls_regnetx-800mf_512x512_onnx,ONR-CL-6131-regNetX-800mf-512x512
46,cl-6132,onnxrt,classification,1024,regnetx-800mf_1024x1024.onnx,accuracy_top1%,None,50,None,1,0,0,cl-6132_onnxrt_imagenet1k_fbr-pycls_regnetx-800mf_1024x1024_onnx,ONR-CL-6132-regNetX-800mf-1024x1024
47,cl-6141,onnxrt,classification,512,regnetx-1.6gf_512x512.onnx,accuracy_top1%,78,78,None,1,0,0,cl-6141_onnxrt_imagenet1k_fbr-pycls_regnetx-1.6gf_512x512_onnx,ONR-CL-6141-regNetX-1.6gf-512x512
48,cl-6142,onnxrt,classification,1024,regnetx-1.6gf_1024x1024.onnx,accuracy_top1%,None,57,None,1,0,0,cl-6142_onnxrt_imagenet1k_fbr-pycls_regnetx-1.6gf_1024x1024_onnx,ONR-CL-6142-regNetX-1.6gf-1024x1024
49,cl-6150,onnxrt,classification,224,mobilenet_v2_1p4_qat-p2_20210112.onnx,accuracy_top1%,75.11,63.06,75.22,1,0,0,cl-6150_onnxrt_imagenet1k_edgeai-tv_mobilenet_v2_1p4_qat-p2_20210112_onnx,ONR-CL-6150-mobileNetV2-1p4-qat
50,cl-6160,onnxrt,classification,224,regnet_x_400mf_tv.onnx,accuracy_top1%,72.23,72.7,72.834,1,0,0,cl-6160_onnxrt_imagenet1k_torchvision_regnet_x_400mf_tv_onnx,ONR-CL-6160-regNetX-400mf
51,cl-6170,onnxrt,classification,224,regnet_x_800mf_tv.onnx,accuracy_top1%,74.94,75.34,75.212,1,0,0,cl-6170_onnxrt_imagenet1k_torchvision_regnet_x_800mf_tv_onnx,ONR-CL-6170-regNetX-800mf
52,cl-6180,onnxrt,classification,224,regnet_x_1_6gf_tv.onnx,accuracy_top1%,76.75,76.62,77.04,1,0,0,cl-6180_onnxrt_imagenet1k_torchvision_regnet_x_1_6gf_tv_onnx,ONR-CL-6180-regNetX-1.6gf
53,cl-6360,onnxrt,classification,224,regnetx-200mf.onnx,accuracy_top1%,67.31,68.62,68.9,1,0,0,cl-6360_onnxrt_imagenet1k_fbr-pycls_regnetx-200mf_onnx,ONR-CL-6360-regNetx-200mf
54,cl-6440,onnxrt,classification,224,hardnet68.onnx,accuracy_top1%,76.29,76.81,76.5,1,0,0,cl-6440_onnxrt_imagenet1k_pingolh-hardnet_hardnet68_onnx,ONR-CL-6440-harDNet68
55,cl-6450,onnxrt,classification,224,hardnet85.onnx,accuracy_top1%,77.41,77.98,78,1,0,0,cl-6450_onnxrt_imagenet1k_pingolh-hardnet_hardnet85_onnx,ONR-CL-6450-harDNet85
56,cl-6460,onnxrt,classification,224,hardnet68ds.onnx,accuracy_top1%,72.06,74.64,74.3,1,0,0,cl-6460_onnxrt_imagenet1k_pingolh-hardnet_hardnet68ds_onnx,ONR-CL-6460-harDNet68ds
57,cl-6470,onnxrt,classification,224,hardnet39ds.onnx,accuracy_top1%,69.22,72.39,72.1,1,0,0,cl-6470_onnxrt_imagenet1k_pingolh-hardnet_hardnet39ds_onnx,ONR-CL-6470-harDNet39ds
58,cl-6480,onnxrt,classification,224,mobilenet_v3_lite_small_20210429.onnx,accuracy_top1%,59.35,63.35,62.688,1,0,0,cl-6480_onnxrt_imagenet1k_edgeai-tv_mobilenet_v3_lite_small_20210429_onnx,ONR-CL-6480-mobv3-lite-small
59,cl-6488,onnxrt,classification,224,mobilenet_v3_lite_small_qat-p2_20210429.onnx,accuracy_top1%,62.03,46.16,61.836,1,0,0,cl-6488_onnxrt_imagenet1k_edgeai-tv_mobilenet_v3_lite_small_qat-p2_20210429_onnx,ONR-CL-6488-mobv3-lite-small-qat
60,cl-6490,onnxrt,classification,224,mobilenet_v3_lite_large_20210507.onnx,accuracy_top1%,71.03,72.28,72.122,1,0,0,cl-6490_onnxrt_imagenet1k_edgeai-tv_mobilenet_v3_lite_large_20210507_onnx,ONR-CL-6490-mobv3-lite-large
61,de-7310,onnxrt,depth_estimation,256x256,midas-small.onnx,accuracy_delta_1%,84.728251,85.664616,86.4,1,0,0,de-7310_onnxrt_nyudepthv2_MiDaS_midas-small_onnx,ONR-DE-7310-depth-est-midas-small-256x256
62,kd-7000,onnxrt,human_pose_estimation,512,mobilenetv2_fpn_spp_udp_512_20210610.onnx,accuracy_ap[.5:.95]%,41.256706,43.144731,42.31,1,0,0,kd-7000_onnxrt_coco_edgeai-mmpose_mobilenetv2_fpn_spp_udp_512_20210610_onnx,ONR-KD-7000-human-pose-ae-mobv2-fpn-spp-udp-512x512
63,kd-7010,onnxrt,human_pose_estimation,512,resnet50_fpn_spp_udp_512_20210610.onnx,accuracy_ap[.5:.95]%,50.869922,51.329873,50.4,1,0,0,kd-7010_onnxrt_coco_edgeai-mmpose_resnet50_fpn_spp_udp_512_20210610_onnx,ONR-KD-7010-human-pose-ae-res50v2-fpn-spp-udp-512x512
64,kd-7020,onnxrt,human_pose_estimation,512,mobilenetv2_pan_spp_udp_512_20210617.onnx,accuracy_ap[.5:.95]%,38.456135,45.680238,45.41,1,0,0,kd-7020_onnxrt_coco_edgeai-mmpose_mobilenetv2_pan_spp_udp_512_20210617_onnx,ONR-KD-7020-human-pose-ae-mobv2-pan-spp-udp-512x512
65,kd-7040,onnxrt,human_pose_estimation,640,yolov5s6_pose_640_ti_lite_54p9_82p2.onnx,accuracy_ap[.5:.95]%,53.70405,53.70405,54.9,1,0,0,kd-7040_onnxrt_coco_edgeai-yolov5_yolov5s6_pose_640_ti_lite_54p9_82p2_onnx,ONR-KD-7040-human-pose-yolov5s6-640x640
66,kd-7050,onnxrt,human_pose_estimation,640,yolov5s6_pose_640_ti_lite_54p9_82p2.onnx,accuracy_ap[.5:.95]%,48.306176,53.915557,54.9,1,0,0,kd-7050_onnxrt_coco_edgeai-yolov5_yolov5s6_pose_640_ti_lite_54p9_82p2_onnx,ONR-KD-7050-human-pose-yolov5s6-mixp-640x640
67,kd-7060,onnxrt,human_pose_estimation,640,yolox_s_pose_ti_lite_49p5_78p0.onnx,accuracy_ap[.5:.95]%,49.692927,51.168956,49.5,1,0,0,kd-7060_onnxrt_coco_edgeai-yolox_yolox_s_pose_ti_lite_49p5_78p0_onnx,ONR-KD-7060-human-pose-yolox-s-640x640
68,od-2000,tflitert,detection,300x300,ssd_mobilenet_v1_coco_20180128.tflite,accuracy_ap[.5:.95]%,21.630209,26.138642,23,1,0,0,od-2000_tflitert_coco_mlperf_ssd_mobilenet_v1_coco_20180128_tflite,TFL-OD-2000-ssd-mobV1-coco-mlperf-300x300
69,od-2010,tflitert,detection,300x300,ssd_mobilenet_v2_300_float.tflite,accuracy_ap[.5:.95]%,19.733672,26.41622,22,1,0,0,od-2010_tflitert_coco_mlperf_ssd_mobilenet_v2_300_float_tflite,TFL-OD-2010-ssd-mobV2-coco-mlperf-300x300
70,od-2020,tflitert,detection,320x320,ssdlite_mobiledet_dsp_320x320_coco_20200519.tflite,accuracy_ap[.5:.95]%,34.908884,35.843616,28.9,1,0,0,od-2020_tflitert_coco_tf1-models_ssdlite_mobiledet_dsp_320x320_coco_20200519_tflite,TFL-OD-2020-ssdLite-mobDet-DSP-coco-320x320
71,od-2030,tflitert,detection,320x320,ssdlite_mobiledet_edgetpu_320x320_coco_20200519.tflite,accuracy_ap[.5:.95]%,30.226283,30.87854,25.9,1,0,0,od-2030_tflitert_coco_tf1-models_ssdlite_mobiledet_edgetpu_320x320_coco_20200519_tflite,TFL-OD-2030-ssdLite-mobDet-EdgeTPU-coco-320x320
72,od-2060,tflitert,detection,300x300,ssdlite_mobilenet_v2_coco_20180509.tflite,accuracy_ap[.5:.95]%,19.099282,25.894334,22,1,0,0,od-2060_tflitert_coco_tf1-models_ssdlite_mobilenet_v2_coco_20180509_tflite,TFL-OD-2060-ssdlite-mobV2-coco-300x300
73,od-2070,tflitert,detection,640x640,ssd_mobilenet_v1_fpn_640x640_coco17_tpu-8.tflite,accuracy_ap[.5:.95]%,24.742394,26.440314,29.1,1,0,0,od-2070_tflitert_coco_tf2-models_ssd_mobilenet_v1_fpn_640x640_coco17_tpu-8_tflite,TFL-OD-2070-ssd-mobV1-fpn-coco-tpu-8-640x640
74,od-2080,tflitert,detection,320x320,ssd_mobilenet_v2_fpnlite_320x320_coco17_tpu-8.tflite,accuracy_ap[.5:.95]%,18.846728,20.833361,22.2,1,0,0,od-2080_tflitert_coco_tf2-models_ssd_mobilenet_v2_fpnlite_320x320_coco17_tpu-8_tflite,TFL-OD-2080-ssd-mobV2-fpnlite-coco-tpu-8-320x320
75,od-2090,tflitert,detection,640x640,ssd_mobilenet_v2_fpnlite_640x640_coco17_tpu-8.tflite,accuracy_ap[.5:.95]%,18.799703,25.629898,28.2,1,0,0,od-2090_tflitert_coco_tf2-models_ssd_mobilenet_v2_fpnlite_640x640_coco17_tpu-8_tflite,TFL-OD-2090-ssd-mobV2-fpnlite-coco-tpu-8-640x640
76,od-2110,tflitert,detection,512x512,efficientdet-lite0_bifpn_maxpool2x2_relu_ti-lite.tflite,accuracy_ap[.5:.95]%,25.077562,28.091638,33.61,1,0,0,od-2110_tflitert_coco_google-automl_efficientdet-lite0_bifpn_maxpool2x2_relu_ti-lite_tflite,TFL-OD-2110-efficient-det-ti-lite0-512x512
77,od-2130,tflitert,detection,300x300,ssd_mobilenet_v2_320x320_coco17_tpu-8.tflite,accuracy_ap[.5:.95]%,18.627765,18.892926,20.2,1,0,0,od-2130_tflitert_coco_tf2-models_ssd_mobilenet_v2_320x320_coco17_tpu-8_tflite,TFL-OD-2130-ssd-mobV2-coco-tpu-8-320x320
78,od-2150,tflitert,detection,384x384,efficientdet_lite1_relu.tflite,accuracy_ap[.5:.95]%,25.251242,26.694776,31.79,1,0,0,od-2150_tflitert_coco_google-automl_efficientdet_lite1_relu_tflite,TFL-OD-2150-efficientdet-lite1-relu-384x384
79,od-2170,tflitert,detection,512x512,efficientdet_lite3_relu.tflite,accuracy_ap[.5:.95]%,0.001645,33.854568,38.33,1,0,0,od-2170_tflitert_coco_google-automl_efficientdet_lite3_relu_tflite,TFL-OD-2170-efficientdet-lite3-relu-512x512
80,od-5020,tvmdlr,detection,416x416,yolo3_mobilenet1.0_coco-symbol.json,accuracy_ap[.5:.95]%,23.606296,28.098678,28.6,3,0,0,od-5020_tvmdlr_coco_gluoncv-mxnet_yolo3_mobilenet1.0_coco-symbol_json,TVM-OD-5020-yolov3-mobv1-gluon-mxnet-416x416
81,od-5040,tvmdlr,detection,512x512,ssd_512_mobilenet1.0_coco-symbol.json,accuracy_ap[.5:.95]%,20.768702,21.513341,21.7,1,0,0,od-5040_tvmdlr_coco_gluoncv-mxnet_ssd_512_mobilenet1.0_coco-symbol_json,TVM-OD-5040-ssd-mobv1-coco-gluon-mxnet-512x512
82,od-8020,onnxrt,detection,512x512,ssd_mobilenetv2_lite_512x512_20201214_model.onnx,accuracy_ap[.5:.95]%,19.322142,20.633766,25.1,1,0,0,od-8020_onnxrt_coco_edgeai-mmdet_ssd_mobilenetv2_lite_512x512_20201214_model_onnx,ONR-OD-8020-ssd-lite-mobv2-mmdet-coco-512x512
83,od-8030,onnxrt,detection,512x512,ssd_mobilenetv2_fpn_lite_512x512_20201110_model.onnx,accuracy_ap[.5:.95]%,21.144767,23.136455,27.2,1,0,0,od-8030_onnxrt_coco_edgeai-mmdet_ssd_mobilenetv2_fpn_lite_512x512_20201110_model_onnx,ONR-OD-8030-ssd-lite-mobv2-fpn-mmdet-coco-512x512
84,od-8040,onnxrt,detection,320x320,ssd_regnetx-200mf_fpn_bgr_lite_320x320_20201010_model.onnx,accuracy_ap[.5:.95]%,16.727615,17.338866,20.7,1,0,0,od-8040_onnxrt_coco_edgeai-mmdet_ssd_regnetx-200mf_fpn_bgr_lite_320x320_20201010_model_onnx,ONR-OD-8040-ssd-lite-regNetX-200mf-fpn-bgr-mmdet-coco-320x320
85,od-8050,onnxrt,detection,512x512,ssd_regnetx-800mf_fpn_bgr_lite_512x512_20200919_model.onnx,accuracy_ap[.5:.95]%,26.957051,28.558456,32.8,1,0,0,od-8050_onnxrt_coco_edgeai-mmdet_ssd_regnetx-800mf_fpn_bgr_lite_512x512_20200919_model_onnx,ONR-OD-8050-ssd-lite-regNetX-800mf-fpn-bgr-mmdet-coco-512x512
86,od-8060,onnxrt,detection,768x768,ssd_regnetx-1.6gf_fpn_bgr_lite_768x768_20200923_model.onnx,accuracy_ap[.5:.95]%,30.399831,32.233991,37,1,0,0,od-8060_onnxrt_coco_edgeai-mmdet_ssd_regnetx-1.6gf_fpn_bgr_lite_768x768_20200923_model_onnx,ONR-OD-8060-ssd-lite-regNetX-1.6gf-fpn-bgr-mmdet-coco-768x768
87,od-8070,onnxrt,detection,416x416,yolov3_d53_relu_416x416_20210117_model.onnx,accuracy_ap[.5:.95]%,18.332383,19.122829,30.7,1,0,0,od-8070_onnxrt_coco_edgeai-mmdet_yolov3_d53_relu_416x416_20210117_model_onnx,ONR-OD-8070-yolov3-d53-relu-mmdet-coco-416x416
88,od-8080,onnxrt,detection,512x512,yolov3_regnetx-1.6gf_bgr_lite_512x512_20210202_model.onnx,accuracy_ap[.5:.95]%,30.241572,30.706307,30.7,1,0,0,od-8080_onnxrt_coco_edgeai-mmdet_yolov3_regnetx-1.6gf_bgr_lite_512x512_20210202_model_onnx,ONR-OD-8080-yolov3-lite-regNetX-1.6gf-bgr-mmdet-coco-512x512
89,od-8090,onnxrt,detection,512x512,retinanet_regnetx-800mf_fpn_bgr_lite_512x512_20200908_model.onnx,accuracy_ap[.5:.95]%,30.871175,31.6102,33,1,0,0,od-8090_onnxrt_coco_edgeai-mmdet_retinanet_regnetx-800mf_fpn_bgr_lite_512x512_20200908_model_onnx,ONR-OD-8090-retina-lite-regNetX-800mf-fpn-bgr-mmdet-coco-512x512
90,od-8100,onnxrt,detection,640,yolov5s6_640_ti_lite_37p4_56p0.onnx,accuracy_ap[.5:.95]%,35.802112,36.754834,37.4,1,0,0,od-8100_onnxrt_coco_edgeai-yolov5_yolov5s6_640_ti_lite_37p4_56p0_onnx,ONR-OD-8100-yolov5-s6-ti-lite-coco-640x640
91,od-8110,onnxrt,detection,384,yolov5s6_384_ti_lite_32p8_51p2.onnx,accuracy_ap[.5:.95]%,31.096033,31.917617,32.8,1,0,0,od-8110_onnxrt_coco_edgeai-yolov5_yolov5s6_384_ti_lite_32p8_51p2_onnx,ONR-OD-8110-yolov5-s6-ti-lite-coco-384x384
92,od-8120,onnxrt,detection,640,yolov5m6_640_ti_lite_44p1_62p9.onnx,accuracy_ap[.5:.95]%,41.583041,43.397416,44.1,1,0,0,od-8120_onnxrt_coco_edgeai-yolov5_yolov5m6_640_ti_lite_44p1_62p9_onnx,ONR-OD-8120-yolov5-m6-ti-lite-coco-640x640
93,od-8140,onnxrt,detection,640,yolox-s-ti-lite_39p1_57p9.onnx,accuracy_ap[.5:.95]%,32.971477,34.64068,39.1,1,0,0,od-8140_onnxrt_coco_edgeai-yolox_yolox-s-ti-lite_39p1_57p9_onnx,ONR-OD-8140-yolox-s-ti-lite_640x640
94,od-8150,onnxrt,detection,640,yolox_m_ti_lite_45p5_64p2.onnx,accuracy_ap[.5:.95]%,38.525937,40.99031,45.5,1,0,0,od-8150_onnxrt_coco_edgeai-yolox_yolox_m_ti_lite_45p5_64p2_onnx,ONR-OD-8140-yolox-m-ti-lite_640x640
95,od-8180,onnxrt,detection,416,yolox_tiny_ti_lite_32p0_49p5.onnx,accuracy_ap[.5:.95]%,30.749541,31.623969,32,1,0,0,od-8180_onnxrt_coco_edgeai-yolox_yolox_tiny_ti_lite_32p0_49p5_onnx,ONR-OD-8140-yolox-tiny-ti-lite_416x416
96,od-8190,onnxrt,detection,416,yolox_nano_ti_lite_26p1_41p8.onnx,accuracy_ap[.5:.95]%,24.86721,25.714061,25.8,1,0,0,od-8190_onnxrt_coco_edgeai-yolox_yolox_nano_ti_lite_26p1_41p8_onnx,ONR-OD-8140-yolox-nano-ti-lite_416x416
97,od-8200,onnxrt,detection,416,yolox_nano_lite_416x416_20220214_model.onnx,accuracy_ap[.5:.95]%,19.794087,20.642125,24.8,1,0,0,od-8200_onnxrt_coco_edgeai-mmdet_yolox_nano_lite_416x416_20220214_model_onnx,ONR-OD-8200-yolox-nano-lite-mmdet-coco-416x416
98,od-8210,onnxrt,detection,416,yolox_tiny_lite_416x416_20220217_model.onnx,accuracy_ap[.5:.95]%,24.307229,25.62717,30.5,1,0,0,od-8210_onnxrt_coco_edgeai-mmdet_yolox_tiny_lite_416x416_20220217_model_onnx,ONR-OD-8210-yolox-tiny-lite-mmdet-coco-416x416
99,od-8220,onnxrt,detection,640,yolox_s_lite_640x640_20220221_model.onnx,accuracy_ap[.5:.95]%,28.461712,29.557811,38.3,1,0,0,od-8220_onnxrt_coco_edgeai-mmdet_yolox_s_lite_640x640_20220221_model_onnx,ONR-OD-8220-yolox-s-lite-mmdet-coco-640x640
100,od-8230,onnxrt,detection,640,yolox_m_lite_20220228_model.onnx,accuracy_ap[.5:.95]%,33.655123,35.795514,44.4,1,0,0,od-8230_onnxrt_coco_edgeai-mmdet_yolox_m_lite_20220228_model_onnx,ONR-OD-8230-yolox-m-lite-mmdet-coco-640x640
101,od-8410,onnxrt,detection,416,yolox_tiny_lite_416x416_20220318_model.onnx,accuracy_ap[.5:.95]%,16.126937,16.635367,23.5,1,0,0,od-8410_onnxrt_widerface_edgeai-mmdet_yolox_tiny_lite_416x416_20220318_model_onnx,ONR-OD-8410-yolox-tiny-lite-mmdet-widerface-416x416
102,od-8420,onnxrt,detection,640,yolox_s_lite_640x640_20220307_model.onnx,accuracy_ap[.5:.95]%,20.280958,23.684471,31.62,1,0,0,od-8420_onnxrt_widerface_edgeai-mmdet_yolox_s_lite_640x640_20220307_model_onnx,ONR-OD-8420-yolox-s-lite-mmdet-widerface-640x640
103,od-8421,onnxrt,detection,1024,yolox_s_lite_1024x1024_20220317_model.onnx,accuracy_ap[.5:.95]%,26.339588,29.351536,None,1,0,0,od-8421_onnxrt_widerface_edgeai-mmdet_yolox_s_lite_1024x1024_20220317_model_onnx,ONR-OD-8421-yolox-s-lite-mmdet-widerface-1024x1024
104,od-8430,onnxrt,detection,640,yolox_m_lite_640x640_20220318_model.onnx,accuracy_ap[.5:.95]%,19.762312,26.633828,33.6,1,0,0,od-8430_onnxrt_widerface_edgeai-mmdet_yolox_m_lite_640x640_20220318_model_onnx,ONR-OD-8430-yolox-m-lite-mmdet-widerface-640x640
105,od-8450,onnxrt,detection,640,yolov5s6_640_ti_lite_71p53.onnx,accuracy_ap[.5:.95]%,32.614709,33.005806,37.74,1,0,0,od-8450_onnxrt_widerface_edgeai-yolov5_yolov5s6_640_ti_lite_71p53_onnx,ONR-OD-8450-yolov5-s6-ti-lite-widerface-640x640
106,ss-2540,tflitert,segmentation,512x512,deeplabv3_mnv2_ade20k_train_20181203_512x512.tflite,accuracy_mean_iou%,16.794601,18.055338,32.04,1,0,0,ss-2540_tflitert_ade20k_tf1-models_deeplabv3_mnv2_ade20k_train_20181203_512x512_tflite,TFL-SS-2540-deeplabv3-mobv2-ade20k-512x512
107,ss-2580,tflitert,segmentation,512x512,deeplabv3_mnv2_ade20k32_float.tflite,accuracy_mean_iou%,34.243642,35.201651,54.8,1,0,0,ss-2580_tflitert_ade20k32_mlperf_deeplabv3_mnv2_ade20k32_float_tflite,TFL-SS-2580-deeplabv3_mobv2-ade20k32-mlperf-512x512
108,ss-2590,tflitert,segmentation,512x512,deeplabv3_mnv2_dm05_pascal_trainaug_512x512.tflite,accuracy_mean_iou%,60.667187,67.29377,70.19,1,0,0,ss-2590_tflitert_voc2012_tf1-models_deeplabv3_mnv2_dm05_pascal_trainaug_512x512_tflite,TFL-SS-2590-deeplabv3_mobv2-dm05-pascal-trainaug-512x512
109,ss-2600,tflitert,segmentation,512x512,deeplabv3_mnv2_pascal_trainaug_512x512.tflite,accuracy_mean_iou%,71.197913,73.612689,77.33,1,0,0,ss-2600_tflitert_voc2012_tf1-models_deeplabv3_mnv2_pascal_trainaug_512x512_tflite,TFL-SS-2600-deeplabv3_mobv2-pascal-trainaug-512x512
110,ss-5720,tvmdlr,segmentation,512x512,fpn_aspp_regnetx800mf_edgeailite_512x512_20210405.onnx,accuracy_mean_iou%,59.944631,59.81156,61.09,1,0,0,ss-5720_tvmdlr_cocoseg21_edgeai-tv_fpn_aspp_regnetx800mf_edgeailite_512x512_20210405_onnx,TVM-SS-5720-deeplabv3lite-regnetx800mf-cocoseg21-512x512
111,ss-5818,tvmdlr,segmentation,432x768,deeplabv3plus_mobilenetv2_tv_edgeailite_robokit-zed1hd_768x432_qat-p2.onnx,accuracy_mean_iou%,53.937436,48.61324,54.1,1,0,0,ss-5818_tvmdlr_ti-robokit_edgeai-tv_deeplabv3plus_mobilenetv2_tv_edgeailite_robokit-zed1hd_768x432_qat-p2_onnx,TVM-SS-5818-deeplabv3lite-mobv2-qat-robokit-768x432
112,ss-8610,onnxrt,segmentation,512x512,deeplabv3plus_mobilenetv2_edgeailite_512x512_20210308_outby4.onnx,accuracy_mean_iou%,51.434706,51.428711,51.08,1,0,0,ss-8610_onnxrt_ade20k32_edgeai-tv_deeplabv3plus_mobilenetv2_edgeailite_512x512_20210308_outby4_onnx,ONR-SS-8610-deeplabv3lite-mobv2-ade20k32-512x512
113,ss-8630,onnxrt,segmentation,512x512,unet_aspp_mobilenetv2_edgeailite_512x512_20210306_outby2.onnx,accuracy_mean_iou%,49.756991,50.453571,50.07,1,0,0,ss-8630_onnxrt_ade20k32_edgeai-tv_unet_aspp_mobilenetv2_edgeailite_512x512_20210306_outby2_onnx,ONR-SS-8630-unetlite-aspp-mobv2-tv-ade20k32-512x512
114,ss-8650,onnxrt,segmentation,512x512,fpn_aspp_mobilenetv2_edgeailite_512x512_20210306_outby4.onnx,accuracy_mean_iou%,50.654746,52.01188,50.55,1,0,0,ss-8650_onnxrt_ade20k32_edgeai-tv_fpn_aspp_mobilenetv2_edgeailite_512x512_20210306_outby4_onnx,ONR-SS-8650-fpnlite-aspp-mobv2-ade20k32-512x512
115,ss-8670,onnxrt,segmentation,512x512,fpn_aspp_mobilenetv2_1p4_edgeailite_512x512_20210307_outby4.onnx,accuracy_mean_iou%,52.465706,53.176752,52.9,1,0,0,ss-8670_onnxrt_ade20k32_edgeai-tv_fpn_aspp_mobilenetv2_1p4_edgeailite_512x512_20210307_outby4_onnx,ONR-SS-8670-fpnlite-aspp-mobv2-1p4-ade20k32-512x512
116,ss-8690,onnxrt,segmentation,384x384,fpn_aspp_regnetx400mf_edgeailite_384x384_20210314_outby4.onnx,accuracy_mean_iou%,49.694006,51.079103,50.85,1,0,0,ss-8690_onnxrt_ade20k32_edgeai-tv_fpn_aspp_regnetx400mf_edgeailite_384x384_20210314_outby4_onnx,ONR-SS-8690-fpnlite-aspp-regnetx400mf-ade20k32-384x384
117,ss-8700,onnxrt,segmentation,512x512,fpn_aspp_regnetx800mf_edgeailite_512x512_20210312_outby4.onnx,accuracy_mean_iou%,52.883684,53.60652,53.16,1,0,0,ss-8700_onnxrt_ade20k32_edgeai-tv_fpn_aspp_regnetx800mf_edgeailite_512x512_20210312_outby4_onnx,ONR-SS-8700-fpnlite-aspp-regnetx800mf-ade20k32-512x512
118,ss-8710,onnxrt,segmentation,512x512,deeplabv3plus_mobilenetv2_edgeailite_512x512_20210405.onnx,accuracy_mean_iou%,55.969182,56.515365,57.77,1,0,0,ss-8710_onnxrt_cocoseg21_edgeai-tv_deeplabv3plus_mobilenetv2_edgeailite_512x512_20210405_onnx,ONR-SS-8710-deeplabv3lite-mobv2-cocoseg21-512x512
119,ss-8720,onnxrt,segmentation,512x512,fpn_aspp_regnetx800mf_edgeailite_512x512_20210405.onnx,accuracy_mean_iou%,60.392952,59.81156,61.09,1,0,0,ss-8720_onnxrt_cocoseg21_edgeai-tv_fpn_aspp_regnetx800mf_edgeailite_512x512_20210405_onnx,ONR-SS-8720-deeplabv3lite-regnetx800mf-cocoseg21-512x512
120,ss-8730,onnxrt,segmentation,512x512,deeplabv3_mobilenet_v3_large_lite_512x512_20210527.onnx,accuracy_mean_iou%,60.013252,62.733173,60.8,1,0,0,ss-8730_onnxrt_cocoseg21_edgeai-tv_deeplabv3_mobilenet_v3_large_lite_512x512_20210527_onnx,ONR-SS-8730-deeplabv3-mobv3-lite-large-cocoseg21-512x512
121,ss-8818,onnxrt,segmentation,432x768,deeplabv3plus_mobilenetv2_tv_edgeailite_robokit-zed1hd_768x432_qat-p2.onnx,accuracy_mean_iou%,54.202586,48.613202,54.1,1,0,0,ss-8818_onnxrt_ti-robokit_edgeai-tv_deeplabv3plus_mobilenetv2_tv_edgeailite_robokit-zed1hd_768x432_qat-p2_onnx,ONR-SS-8818-deeplabv3lite-mobv2-qat-robokit-768x432
